path,energi0,homogenitas0,entropy0,contras0,dissimilarity0,ASM0,correlation0,energi45,homogenitas45,entropy45,contras45,dissimilarity45,ASM45,correlation45,energi90,homogenitas90,entropy90,contras90,dissimilarity90,ASM90,correlation90,energi135,homogenitas135,entropy135,contras135,dissimilarity135,ASM135,correlation135,labels
brown-spot-25.JPG,0.9542529692962842,0.9892111705954957,0.306336923026976,715816961.0000383,5592320.99999988,0.9542529692962842,0.9686849699561794,0.9494736386857718,0.9851648844189312,0.34399202168671705,715816961.0000254,5592320.999999894,0.9494736386857718,0.9112511207459195,0.9505602906665174,0.9858649914541564,0.33608412817510847,715816961.000021,5592321.000000254,0.9505602906665174,0.9235169761529393,0.9493485281434235,0.9850570169867379,0.3448574203680789,715816961.0000243,5592320.999999902,0.9493485281434235,0.9099770614129163,Brown spot
brown-spot-12.jpg,0.7423755420467484,0.9787770869361445,1.0676666706305065,715816961.000124,5592320.999999918,0.7423755420467484,0.9793655603744471,0.7285665097123062,0.9532637064059617,1.241750614702196,715816961.0000763,5592321.000000044,0.7285665097123062,0.9355002384175662,0.7326596433739018,0.9600747571506634,1.198079848191972,715816961.0000921,5592321.000000217,0.7326596433739018,0.9485989060115401,0.7279174377073667,0.9525764849452162,1.2460580811878896,715816961.0000646,5592321.000000053,0.7279174377073667,0.9327725439669113,Brown spot
brown-spot-20.JPG,0.9327497179990472,0.9791823087929672,0.5226751380775522,715816961.0000696,5592320.999999892,0.9327497179990472,0.9432993521285907,0.9236748465819808,0.9689401238131782,0.6032819460527363,715816961.0000485,5592320.999999838,0.9236748465819808,0.7634504298931479,0.925114291689751,0.970136873200751,0.592176097848053,715816961.0000376,5592321.000000343,0.925114291689751,0.7899136479533594,0.9240438533232112,0.9691541533644877,0.6011140408935342,715816961.0000474,5592320.999999823,0.9240438533232112,0.7692134389330536,Brown spot
brown-spot-1.jpg,0.808033162084306,0.9781921816474839,0.9190682340869665,715816961.000025,5592320.999999677,0.808033162084306,0.9694900967459066,0.7955238581533924,0.9560071801524347,1.0654305843630505,715816961.0000081,5592320.999999869,0.7955238581533924,0.9111830238528833,0.8004549901511424,0.9637490996347154,1.0161962310321346,715816961.0000142,5592321.0000002505,0.8004549901511424,0.9368941532195721,0.7968848058530938,0.9574263280806214,1.0553074974905159,715816961.0000106,5592320.999999803,0.7968848058530938,0.9196429552017347,Brown spot
brown-spot-10.jpg,0.8147198004320257,0.9881399505379055,0.7114430594833819,715816961.0000134,5592321.000000074,0.8147198004320257,0.9803605672498764,0.8068124265973758,0.9743992033832066,0.8101146359954621,715816961.0000057,5592321.000000049,0.8068124265973758,0.9499175032372795,0.8113940518308949,0.9813117844175936,0.7560963030504021,715816961.0000119,5592320.999999956,0.8113940518308949,0.9667780456938966,0.8068309792576044,0.97440731179849,0.8100077158728185,715816961.0000058,5592321.000000059,0.8068309792576044,0.9500315408943477,Brown spot
brown-spot-9.jpg,0.7708284512528609,0.9884780004498949,0.7941309456146917,715816960.9999818,5592320.999999891,0.7708284512528609,0.9868900371382261,0.7612266060595488,0.9723124222916586,0.9064502628093911,715816960.9999925,5592321.000000004,0.7612266060595488,0.958876631561738,0.7648240082572147,0.9769514844568966,0.8621570115862978,715816960.9999844,5592321.000000114,0.7648240082572147,0.9691276054802682,0.761331444663267,0.9724187044291209,0.9056785653393348,715816960.9999902,5592321.000000016,0.761331444663267,0.9593424653288126,Brown spot
brown-spot-37.JPG,0.95554841940088,0.9850256362709556,0.34460069938188387,715816961.0000483,5592320.99999985,0.95554841940088,0.9395007293029384,0.9495745323658467,0.9802474699785074,0.3867663005335491,715816961.0000335,5592320.999999872,0.9495745323658467,0.8396045661131873,0.9509254037613897,0.9811005421136133,0.3775767938604767,715816961.000025,5592321.000000293,0.9509254037613897,0.8561452983675254,0.9488761680387513,0.9797547924548525,0.3914054534750927,715816961.0000317,5592320.999999879,0.9488761680387513,0.8262725424174575,Brown spot
brown-spot-6.jpg,0.947071163419553,0.989715150658521,0.3529638906204497,715816960.9999841,5592321.0000000065,0.947071163419553,0.9423384795649812,0.9410800602532801,0.9799866079130799,0.42348695576784506,715816961.0000135,5592320.99999998,0.9410800602532801,0.8271160877165099,0.9428380976352495,0.9823542236598363,0.4049136297272563,715816961.0000217,5592321.000000116,0.9428380976352495,0.861791338036802,0.9411541223938017,0.9800183607564628,0.4226136168019109,715816961.000013,5592320.999999975,0.9411541223938017,0.8274240825960367,Brown spot
brown-spot-23.JPG,0.9726144629241177,0.9906677207880942,0.22302918784033474,715816961.0000378,5592320.9999998985,0.9726144629241177,0.9402783611944487,0.9672525867463813,0.9866385020410198,0.26156604305654824,715816961.0000217,5592320.999999912,0.9672525867463813,0.8046082166652573,0.9683358371115595,0.98728295123399,0.2539473405190216,715816961.0000186,5592321.00000021,0.9683358371115595,0.8316164849943845,0.96730293076283,0.986694269506384,0.26116962704166047,715816961.0000226,5592320.99999992,0.96730293076283,0.8092784458942701,Brown spot
brown-spot-30.JPG,0.9654899868923609,0.9872024706031948,0.29117295322546055,715816961.0000494,5592320.99999988,0.9654899868923609,0.9250794268901606,0.9575834556030539,0.9812270403575621,0.3435094488472559,715816961.0000287,5592320.999999885,0.9575834556030539,0.7327130100080371,0.9585887093064792,0.9818139291615182,0.33657060561787755,715816961.000025,5592321.000000296,0.9585887093064792,0.7583398618718087,0.9570746945948507,0.98094425865739,0.34613198537859713,715816961.000027,5592320.999999892,0.9570746945948507,0.7283458051890283,Brown spot
brown-spot-3.jpg,0.7663840024394194,0.9667737893941835,1.1966101014516557,715816961.0000004,5592320.999999974,0.7663840024394194,0.9738168967452294,0.7452911676290063,0.9324113476765905,1.4250509166782734,715816961.0000445,5592320.9999998985,0.7452911676290063,0.8941047993468142,0.7489910647266583,0.9372853452936633,1.389077936357749,715816960.9999707,5592321.000000158,0.7489910647266583,0.9084194449812524,0.7449891426488421,0.9322112655120333,1.4265552822895258,715816961.0000424,5592320.999999901,0.7449891426488421,0.8935240743294696,Brown spot
brown-spot-14.jpg,0.7987543487957918,0.98962215216282,0.7554926893358859,715816960.9999902,5592320.999999973,0.7987543487957918,0.9847404921439875,0.7895351746208247,0.9700470916677588,0.8874332166146515,715816960.9999899,5592321.0000000335,0.7895351746208247,0.9464601904424078,0.7928081771890121,0.9757904274894292,0.8425726635489096,715816960.9999838,5592321.000000047,0.7928081771890121,0.9586057317093046,0.789230077914371,0.9697349615929344,0.8901311844684635,715816960.9999936,5592321.000000028,0.789230077914371,0.9447635137478647,Brown spot
brown-spot-34.JPG,0.9359198225584562,0.9746402419721582,0.5132270647031325,715816961.0000682,5592320.999999855,0.9359198225584562,0.9074051661523544,0.926929701694538,0.9677355228040058,0.5700600398923776,715816961.0000503,5592320.999999796,0.926929701694538,0.7531927347075177,0.9298893206550943,0.9694298009284837,0.5543329939129371,715816961.0000452,5592321.000000476,0.9298893206550943,0.7837217153185807,0.9264370402429425,0.9674250723975257,0.5724783390989644,715816961.0000483,5592320.999999799,0.9264370402429425,0.7463932291793292,Brown spot
brown-spot-15.jpg,0.7018719778839193,0.9842042607002416,1.0054114204084965,715816961.000016,5592320.999999977,0.7018719778839193,0.9844765099207402,0.6901598167160562,0.9585361995640026,1.1776528471249126,715816961.00001,5592321.000000113,0.6901598167160562,0.9505214699907599,0.6950918036885463,0.9669163627340036,1.1120853206471955,715816961.0000068,5592320.999999909,0.6950918036885463,0.9629373278371498,0.6898812674932406,0.9582498729588602,1.1796180464495603,715816961.00001,5592321.000000104,0.6898812674932406,0.9493820476917131,Brown spot
brown-spot-7.jpg,0.9205561831970699,0.9865956255962015,0.48401051056565003,715816961.0000485,5592321.00000021,0.9205561831970699,0.9514584354201765,0.9126463445659124,0.9738671380481398,0.569381047706661,715816961.0000175,5592321.000000124,0.9126463445659124,0.8542712840841192,0.9152844362575391,0.9774129043567179,0.5384711875711933,715816961.0000349,5592320.999999957,0.9152844362575391,0.8878955432499956,0.9130639859021995,0.9742354729543337,0.5663707125613106,715816961.000021,5592321.000000137,0.9130639859021995,0.861810882306281,Brown spot
brown-spot-24.JPG,0.9701748212840046,0.9899683070946049,0.23843979113745867,715816961.0000371,5592320.999999884,0.9701748212840046,0.947111927139714,0.964517065780397,0.9858821040014849,0.2777963689430789,715816961.0000236,5592320.999999897,0.964517065780397,0.8199231740612651,0.9654263355909355,0.9864125696619978,0.2713622028336539,715816961.0000187,5592321.000000228,0.9654263355909355,0.8390280431049112,0.9644333071854619,0.985841024225814,0.27828107405810926,715816961.0000231,5592320.999999907,0.9644333071854619,0.8207615187628193,Brown spot
brown-spot-26.JPG,0.9477272265646266,0.9876260117209229,0.35045913780758375,715816961.0000443,5592320.999999889,0.9477272265646266,0.9782368729736245,0.940721829670087,0.9813386045957505,0.4078299637620295,715816961.0000246,5592320.9999999,0.940721829670087,0.8951390665708033,0.9416300038366734,0.9818099736983936,0.40145023000968455,715816961.0000178,5592321.000000249,0.9416300038366734,0.9007663379878706,0.9407123978717337,0.9812708942705548,0.4083848245247068,715816961.000023,5592320.9999998985,0.9407123978717337,0.8925910383409135,Brown spot
brown-spot-21.JPG,0.9573138307381642,0.9909496863676348,0.29662381970229984,715816961.0000405,5592320.999999967,0.9573138307381642,0.9813787295056721,0.949209282608915,0.9833210774997598,0.36575908827496734,715816961.0000241,5592320.99999991,0.949209282608915,0.8418225430273782,0.9497222291633931,0.983620657820408,0.3605573001987424,715816961.0000173,5592321.000000191,0.9497222291633931,0.8496875844703248,0.9495758121389989,0.9835706681506912,0.3629769960082588,715816961.0000252,5592320.9999998985,0.9495758121389989,0.8488766227863555,Brown spot
brown-spot-31.JPG,0.9688520766676927,0.9892567023464355,0.2524190152540273,715816961.0000405,5592320.999999902,0.9688520766676927,0.9467626187193844,0.9626488553540324,0.9845921460550489,0.2963492960061692,715816961.0000231,5592320.999999904,0.9626488553540324,0.7979350199913671,0.963383532225972,0.9849707076286309,0.2915123788949933,715816961.0000196,5592321.00000024,0.963383532225972,0.8083438732808875,0.962138491652845,0.9842632615565269,0.29939082606407347,715816961.0000203,5592320.999999915,0.962138491652845,0.7867293661699356,Brown spot
brown-spot-11.jpg,0.7433219799250312,0.9812626963223909,1.0044609324604146,715816960.9999726,5592321.000000199,0.7433219799250312,0.978452332037004,0.731167216406753,0.9591381338154382,1.1532812847288731,715816961.0000123,5592321.000000093,0.731167216406753,0.9430925998283064,0.7367301435267525,0.9684321152925816,1.0902097033545797,715816961.0000278,5592321.0000002235,0.7367301435267525,0.9595186000728733,0.7306146177487587,0.958574353356634,1.1573632432385674,715816961.0000087,5592321.000000076,0.7306146177487587,0.9406062814613675,Brown spot
brown-spot-5.jpg,0.540923927389985,0.9395377521765045,2.067143391678784,715816960.9999079,5592320.999998976,0.540923927389985,0.9743841308503479,0.511112925143057,0.8884619035602057,2.386155387954064,715816961.0000179,5592320.999999887,0.511112925143057,0.9132311739448422,0.5186608787588888,0.9000562610577874,2.32068455868575,715816961.0000306,5592321.000000472,0.5186608787588888,0.9292639129125263,0.5116526263633873,0.8890301871695315,2.3839251338099996,715816961.0000163,5592320.999999869,0.5116526263633873,0.9141177838627504,Brown spot
brown-spot-33.JPG,0.8354850704201507,0.9488270384989159,1.1558475817499785,715816961.0001296,5592320.999999863,0.8354850704201507,0.9378801455738365,0.823739953940617,0.935639941839588,1.2510271591572144,715816961.0001098,5592320.999999551,0.823739953940617,0.8576182896583283,0.8276015941948615,0.9387486988636167,1.226925717922919,715816961.000085,5592321.000000769,0.8276015941948615,0.8766667191474995,0.821988205986142,0.934120818589873,1.262675459191417,715816961.0001014,5592320.999999596,0.821988205986142,0.8399660634612045,Brown spot
brown-spot-28.JPG,0.8895943955974466,0.96042833299173,0.8680560784241123,715816961.0001026,5592320.999999886,0.8895943955974466,0.9308118649732563,0.8706586300708156,0.9421908613484982,0.9965667741391335,715816961.0000758,5592320.999999698,0.8706586300708156,0.7141471122141864,0.874641894080631,0.9446842683272212,0.9764266879173684,715816961.0000641,5592321.000000624,0.874641894080631,0.7396607063463054,0.8703401369477398,0.9420277584335897,0.9984980890899717,715816961.0000777,5592320.999999694,0.8703401369477398,0.7114654550520804,Brown spot
brown-spot-39.jpg,0.9630235735229294,0.9868615532130873,0.3101399313172539,715816961.0000472,5592320.999999934,0.9630235735229294,0.9388834369447638,0.9545895414383381,0.9792450135550422,0.37514625354645825,715816961.0000265,5592320.999999885,0.9545895414383381,0.6568679482781031,0.9555634249042326,0.9798127424395838,0.3676638909696837,715816961.0000213,5592321.000000226,0.9555634249042326,0.6770547575159258,0.9547313188833815,0.9793385292372306,0.37434358458533956,715816961.0000291,5592320.999999878,0.9547313188833815,0.657873045443885,Brown spot
brown-spot-36.JPG,0.971762573108512,0.9917211667024771,0.23027312772559405,715816961.0000391,5592320.9999999525,0.971762573108512,0.9568543451383996,0.9648665518783756,0.9856589176006928,0.2840226788053115,715816961.0000263,5592320.999999899,0.9648665518783756,0.7478290518135575,0.9650308636538361,0.9857263816315098,0.28141943132834996,715816961.0000175,5592321.00000019,0.9650308636538361,0.7507785422559722,0.96437241080969,0.9853575567530667,0.2874746261665702,715816961.0000249,5592320.999999906,0.96437241080969,0.7292864646198508,Brown spot
brown-spot-2.jpg,0.7295558926009275,0.9711663212807529,1.2071187309729674,715816960.9999589,5592320.999999462,0.7295558926009275,0.9704252996517728,0.7140821364153951,0.9431204823753343,1.3860043507476019,715816960.999956,5592321.000000089,0.7140821364153951,0.9240174164585298,0.7199835913034094,0.9532460428400288,1.3242459144182908,715816960.9999523,5592320.999999725,0.7199835913034094,0.940913724489473,0.7120233041624311,0.9410460889778942,1.39940289840707,715816960.999972,5592321.000000057,0.7120233041624311,0.9145258993839667,Brown spot
brown-spot-13.jpg,0.7119840419171081,0.9885643897949119,0.9930997760503425,715816960.9999892,5592321.000000034,0.7119840419171081,0.988378972071733,0.6939984083264377,0.9541424075756734,1.2221472684197328,715816961.0000025,5592320.999999962,0.6939984083264377,0.9435764065761164,0.6972524527431765,0.9601482598517992,1.17402560117408,715816961.000011,5592321.000000054,0.6972524527431765,0.9527870338463253,0.6937352477320451,0.9538709125758702,1.2243555805131658,715816961.0000035,5592320.999999958,0.6937352477320451,0.9424988651019012,Brown spot
brown-spot-38.JPG,0.9441439840089126,0.9781872547557691,0.4658335180452478,715816961.0000721,5592320.999999861,0.9441439840089126,0.8992033653393691,0.9343530405262742,0.9704900590168503,0.5299907780529322,715816961.0000468,5592320.999999808,0.9343530405262742,0.7158106751986126,0.9363685369044662,0.9716289766585076,0.5176807108647481,715816961.0000424,5592321.000000439,0.9363685369044662,0.7499299230755483,0.9340889628686682,0.9702647472512477,0.5319416842817817,715816961.0000452,5592320.999999814,0.9340889628686682,0.7065345363966853,Brown spot
brown-spot-19.jpg,0.9146142963522692,0.9907019243242267,0.3713744428863547,715816960.9999999,5592320.999999998,0.9146142963522692,0.9696725112783321,0.9074939504637136,0.981033754508386,0.4265306478410954,715816961.0000004,5592320.999999994,0.9074939504637136,0.8952481446254986,0.9097010242291383,0.9833608147984026,0.410726825448257,715816960.9999998,5592321.0,0.9097010242291383,0.9188272453736969,0.9085965147609204,0.9821943700586389,0.4198210806116496,715816961.0,5592320.999999998,0.9085965147609204,0.9091066468273326,Brown spot
brown-spot-35.jpg,0.9297059030882695,0.9822603745513391,0.499295924329811,715816961.00007,5592320.999999896,0.9297059030882695,0.9678492310962203,0.9194564366523228,0.9719462906712314,0.5853553904641932,715816961.0000411,5592320.999999859,0.9194564366523228,0.8431828136358609,0.9195906323914184,0.9722725128770837,0.5816679171496699,715816961.0000305,5592321.0000003185,0.9195906323914184,0.8454468681670527,0.9183668454446525,0.9712927060959786,0.5922142205030114,715816961.0000379,5592320.999999877,0.9183668454446525,0.8261228310401125,Brown spot
brown-spot-27.JPG,0.9282757460661777,0.9844780210713304,0.461329286774185,715816961.0000548,5592320.999999908,0.9282757460661777,0.9766846032193216,0.9192208691731955,0.9759839189174879,0.5362909403972832,715816961.0000322,5592320.999999875,0.9192208691731955,0.8917350904095701,0.9201605325019877,0.9765590008867011,0.528679318286586,715816961.0000228,5592321.000000268,0.9201605325019877,0.8982604555493203,0.9192251123853791,0.9758813357194361,0.5373405529628991,715816961.00003,5592320.9999998715,0.9192251123853791,0.8886361181428708,Brown spot
brown-spot-4.jpg,0.5765014078431362,0.9467819904867592,1.9282489444792652,715816960.9999901,5592321.000000137,0.5765014078431362,0.9749371692518534,0.5449439212500518,0.8914263295801771,2.2801617805537067,715816961.0000676,5592320.999999989,0.5449439212500518,0.9082126631210052,0.5512034047942718,0.9015022498896741,2.2173220635780013,715816960.9999709,5592320.999999903,0.5512034047942718,0.9216489784609636,0.543698824999236,0.8902042008300585,2.286976233468154,715816961.0000615,5592320.999999988,0.543698824999236,0.9043324291197445,Brown spot
brown-spot-40.jpg,0.9661968027539747,0.9868758991138037,0.2805842295755012,715816961.0000434,5592320.999999885,0.9661968027539747,0.9053245960239704,0.9595943448019546,0.9819473527603202,0.3219614436692476,715816961.0000274,5592320.999999895,0.9595943448019546,0.7360572587639269,0.961232662903211,0.982858266924248,0.31191531756322816,715816961.0000246,5592321.000000288,0.961232662903211,0.7737671532288658,0.9597529355747697,0.9820641034082452,0.3209416371473138,715816961.000027,5592320.999999884,0.9597529355747697,0.7439449192517193,Brown spot
brown-spot-16.jpg,0.8019075636506264,0.9810016507609026,0.8492716123644038,715816961.0000064,5592321.000000096,0.8019075636506264,0.972758573096207,0.7909791035548823,0.9568127185906135,0.9824000096564737,715816960.9999982,5592321.000000103,0.7909791035548823,0.9170663204454907,0.7960809590479854,0.9643868557774701,0.9091487855754696,715816960.9999988,5592321.000000025,0.7960809590479854,0.9379320369006041,0.7909936334174017,0.9568500935095882,0.9824207945564248,715816960.9999995,5592321.000000097,0.7909936334174017,0.9171329396120955,Brown spot
brown-spot-29.JPG,0.9487828986010399,0.9850167742827792,0.3739371199937213,715816961.0000513,5592320.999999886,0.9487828986010399,0.9585510579441632,0.9414844562970409,0.9794505872915671,0.42408367663700075,715816961.0000318,5592320.999999858,0.9414844562970409,0.8800277316422073,0.9427166780027044,0.9802751859741543,0.41505123868473187,715816961.0000286,5592321.000000332,0.9427166780027044,0.8942134652165494,0.9409379392427004,0.9791246487720088,0.4272818673063929,715816961.0000287,5592320.9999998715,0.9409379392427004,0.8734474009496412,Brown spot
brown-spot-22.jpg,0.8558833305341133,0.9630640164611044,0.9344142219274076,715816961.0001069,5592320.999999865,0.8558833305341133,0.9575118515277663,0.8445476337478647,0.9510468318960832,1.0271466383803587,715816961.0000778,5592320.99999969,0.8445476337478647,0.8878387829001588,0.8473399600039945,0.9534203011933067,1.0053055246694342,715816961.0000645,5592321.000000608,0.8473399600039945,0.9054635830754969,0.8443419429329306,0.9509260222917457,1.0284251620101184,715816961.0000765,5592320.999999698,0.8443419429329306,0.8861471949635928,Brown spot
brown-spot-18.jpg,0.694323545522177,0.98389482815052,1.0389200303289874,715816961.0000287,5592321.000000084,0.694323545522177,0.9851038111802448,0.6843809125411994,0.9655186021517219,1.165392218550259,715816961.0000092,5592320.999999878,0.6843809125411994,0.9623486203184604,0.6896032713452707,0.9748165053272978,1.0995140275656046,715816961.000024,5592320.999999961,0.6896032713452707,0.9739626053315088,0.6837231226171758,0.9648097833898603,1.1703065009910818,715816961.0000069,5592320.999999894,0.6837231226171758,0.9598860189225497,Brown spot
brown-spot-8.jpg,0.7837094120523004,0.9761038269320662,1.024938979676681,715816960.9999864,5592320.999999839,0.7837094120523004,0.970659117038448,0.7670053173535122,0.9486065185032131,1.2035529095440773,715816961.0000154,5592321.000000268,0.7670053173535122,0.908607606975844,0.7730762864553682,0.9560222739096539,1.1489816289982435,715816960.9999652,5592320.999999737,0.7730762864553682,0.9267992783948237,0.7666940336626366,0.9482808413348546,1.2058724762691686,715816961.0000148,5592321.000000239,0.7666940336626366,0.9069061890737099,Brown spot
brown-spot-17.jpg,0.7844513039194569,0.9868676859482988,0.8119261633647059,715816960.9999815,5592320.999999792,0.7844513039194569,0.9819525822575009,0.7754970598405648,0.970937599234101,0.9222193650174977,715816960.9999888,5592321.000000027,0.7754970598405648,0.9529939644284219,0.779808093946839,0.9779882102386739,0.8688754675450201,715816960.999979,5592321.000000036,0.779808093946839,0.968232671107527,0.7755187364098134,0.9709531948165142,0.922087023305879,715816960.9999878,5592321.000000017,0.7755187364098134,0.9530484906426846,Brown spot
brown-spot-32.JPG,0.9473503615878828,0.980998334663404,0.4428044838046768,715816961.0000697,5592320.9999999115,0.9473503615878828,0.9248902608295702,0.9372166685039678,0.9722561122619788,0.5155107149367433,715816961.0000489,5592320.99999981,0.9372166685039678,0.7036158535730238,0.9378798631918767,0.9727108116362705,0.5093623393377413,715816961.0000347,5592321.0000003725,0.9378798631918767,0.7150947759007826,0.9359131036880248,0.9715202500918995,0.5222266439428797,715816961.0000435,5592320.99999983,0.9359131036880248,0.6737451288049352,Brown spot
leaf-smut-35.jpg,0.8277126928422043,0.9925194221355992,0.6433126568184402,715816960.9999986,5592320.999999843,0.8277126928422043,0.9892351204551868,0.8201042612903028,0.9783958876670871,0.7439172653765435,715816960.999994,5592320.999999977,0.8201042612903028,0.9576329870095834,0.8215919334155519,0.9806830931247801,0.7250377359589812,715816960.999993,5592321.000000025,0.8215919334155519,0.9628985566944246,0.819315690991763,0.9775457883229102,0.7520484031201307,715816960.9999962,5592320.999999972,0.819315690991763,0.9525004923112697,Leaf smut
leaf-smut-5.JPG,0.7855649653381391,0.943234638342722,1.4049152874107929,715816961.0001404,5592320.999999818,0.7855649653381391,0.9505936363044883,0.7665600280323558,0.9180744673957998,1.5720376993808487,715816961.0000929,5592320.999999637,0.7665600280323558,0.8428495145986418,0.7705626734454543,0.921721132962899,1.5448121832744703,715816961.0000732,5592321.000000706,0.7705626734454543,0.8624950934731832,0.76529152962924,0.916749502107442,1.5805470064324674,715816961.0000858,5592320.99999966,0.76529152962924,0.8317332901226119,Leaf smut
leaf-smut-13.JPG,0.7687390238214298,0.9341930747244375,1.5350008545447824,715816961.0001538,5592320.999999796,0.7687390238214298,0.9438177294037383,0.7510203643366598,0.9112014888135977,1.6873154903038552,715816961.0001117,5592320.999999543,0.7510203643366598,0.8475080263904797,0.7562822129232265,0.9161914580236221,1.6530315098644088,715816961.0000898,5592321.000000852,0.7562822129232265,0.871583056243506,0.7493411158849915,0.9095380688061704,1.6969854294314437,715816961.0001044,5592320.999999582,0.7493411158849915,0.8371049102064079,Leaf smut
leaf-smut-8.jpg,0.9219850155624092,0.9813388411162146,0.5473740251091013,715816961.0000645,5592320.999999921,0.9219850155624092,0.967515620465413,0.9098531157388776,0.9656328289989183,0.6616955145230572,715816961.0000355,5592320.999999854,0.9098531157388776,0.802850605692528,0.9109046922043763,0.9663767470337141,0.651844093984244,715816961.0000267,5592321.000000308,0.9109046922043763,0.8131109179610914,0.9096571861355813,0.9654989083037296,0.6629672424905156,715816961.0000376,5592320.99999987,0.9096571861355813,0.799798938251257,Leaf smut
leaf-smut-40.jpg,0.8058707494131657,0.9800107664874399,0.908315235380791,715816960.9999367,5592320.999999769,0.8058707494131657,0.9732944526399561,0.7923938137472243,0.9567947944783286,1.062002878267817,715816961.0000294,5592321.000000103,0.7923938137472243,0.9167867471904343,0.7965878918854352,0.9630288762867628,1.0197257850510106,715816960.9999369,5592321.000000055,0.7965878918854352,0.9350271849708119,0.7924939617093546,0.9568968067977933,1.0610703869717582,715816961.0000287,5592321.000000095,0.7924939617093546,0.9173539495070772,Leaf smut
leaf-smut-1.JPG,0.9328942441698073,0.9822091779796247,0.5170329660916649,715816961.0000682,5592320.99999997,0.9328942441698073,0.9661228571457854,0.9192028684790915,0.964150026332635,0.647762105806348,715816961.0000318,5592320.999999913,0.9192028684790915,0.6976063855740106,0.9198143786899889,0.9645880389039196,0.6419111659457043,715816961.0000206,5592321.000000218,0.9198143786899889,0.7101814518768579,0.919186733603553,0.9641648799759849,0.6475618014445476,715816961.000031,5592320.9999999115,0.919186733603553,0.6999904950384266,Leaf smut
leaf-smut-39.jpg,0.9695239706179306,0.9982677462643218,0.1638110035407723,715816960.9999952,5592321.000000001,0.9695239706179306,0.9872980784101473,0.9663527940258012,0.9924634503924886,0.20366001883310403,715816960.9999949,5592321.000000021,0.9663527940258012,0.9063752696356486,0.9666193213238408,0.992756538978599,0.19946952008975466,715816960.9999942,5592320.999999968,0.9666193213238408,0.911452657882774,0.9662442682142548,0.99234696502297,0.2049857502678181,715816960.9999936,5592321.000000023,0.9662442682142548,0.9019577150721727,Leaf smut
leaf-smut-38.jpg,0.9690007688092919,0.9982860432947445,0.1677799841082634,715816961.0000043,5592321.000000029,0.9690007688092919,0.9868846700245568,0.9652771400853046,0.9915522608936411,0.21265284074922325,715816961.0000006,5592320.999999985,0.9652771400853046,0.8824619815590113,0.9655528420041665,0.991793090647808,0.20817057611815507,715816961.0000038,5592320.999999926,0.9655528420041665,0.8871897884161841,0.9651579758929438,0.9914315706173933,0.2137773385856457,715816961.0000012,5592320.999999984,0.9651579758929438,0.8778158618614613,Leaf smut
leaf-smut-20.JPG,0.9512121577300966,0.9845987940672485,0.39173829753447037,715816961.0000607,5592320.999999888,0.9512121577300966,0.9518448658807204,0.9426736158030787,0.9762987784713323,0.46250731633514164,715816961.0000392,5592320.999999849,0.9426736158030787,0.7566129829136625,0.9429106728749369,0.976491204032589,0.45892387995558565,715816961.0000286,5592321.000000294,0.9429106728749369,0.762679611236538,0.9417050340913088,0.975731002978272,0.4681937521993687,715816961.0000364,5592320.999999861,0.9417050340913088,0.7348147565806457,Leaf smut
leaf-smut-4.JPG,0.8816865497266532,0.9659152492049073,0.8552695105798759,715816961.0000962,5592320.999999836,0.8816865497266532,0.9508381353659294,0.8677326675312098,0.947279936661022,0.9848500345249193,715816961.0000571,5592320.999999796,0.8677326675312098,0.7934035340149025,0.8695022721370343,0.948615638202748,0.9737203043045288,715816961.0000435,5592321.000000522,0.8695022721370343,0.8023063909531398,0.8659430545314175,0.9455954925149647,0.9971225075916268,715816961.0000477,5592320.9999998305,0.8659430545314175,0.7655533120139446,Leaf smut
leaf-smut-15.jpg,0.813138509063568,0.9438556559980859,1.3205937114791544,715816961.0001467,5592320.99999981,0.813138509063568,0.9433876858131018,0.7936973579136957,0.9189046695277547,1.4854777683785705,715816961.0000932,5592320.999999632,0.7936973579136957,0.8080571967279884,0.7973450256542417,0.9218584675472415,1.4628693804790676,715816961.0000725,5592321.000000725,0.7973450256542417,0.8277773198407203,0.7920483958403485,0.917226836793236,1.4949183605671907,715816961.0000826,5592320.999999677,0.7920483958403485,0.7939153269888977,Leaf smut
leaf-smut-22.JPG,0.8822174696526992,0.966969908439162,0.8403650318104001,715816961.0001044,5592320.99999988,0.8822174696526992,0.9516248443238746,0.8679286447592102,0.9513825835437596,0.9587877640785566,715816961.0000659,5592320.999999758,0.8679286447592102,0.8174354847469455,0.8694630539684197,0.9525509022586864,0.9469352405477729,715816961.0000495,5592321.000000508,0.8694630539684197,0.8305181193155722,0.866311233044172,0.9501136640926334,0.9681700198260396,715816961.0000591,5592320.999999774,0.866311233044172,0.7990872650324296,Leaf smut
leaf-smut-25.jpg,0.5856208920138489,0.9700987312790634,1.4590246578581578,715816960.9999866,5592320.99999976,0.5856208920138489,0.9775467630187262,0.565971386152787,0.9332524765914968,1.6864410058032158,715816960.9999851,5592321.000000049,0.565971386152787,0.9416781452038203,0.5757449060241486,0.9510715045153092,1.5585605568644731,715816960.9999783,5592321.000000081,0.5757449060241486,0.960915063195672,0.5658434930055078,0.9331635444676015,1.6878604538284572,715816960.9999865,5592321.000000048,0.5658434930055078,0.9414339386778684,Leaf smut
leaf-smut-23.jpg,0.832578861000481,0.9568994258303343,1.0948876192367376,715816961.0001179,5592320.99999986,0.832578861000481,0.9518291999300634,0.8183577548041044,0.940299613985277,1.2164242954108995,715816961.0000792,5592320.999999703,0.8183577548041044,0.859876305885735,0.8211399034869145,0.9425482073931357,1.1973586914793686,715816961.0000594,5592321.000000632,0.8211399034869145,0.8744270238029841,0.815970194465246,0.9380916509065477,1.2320801301143263,715816961.0000678,5592320.999999738,0.815970194465246,0.8396129171300452,Leaf smut
leaf-smut-7.JPG,0.9347972260114524,0.9832167875643395,0.4828191223859787,715816961.0000613,5592320.999999893,0.9347972260114524,0.968831808872849,0.9227404068878968,0.9683196863981768,0.5923670714669809,715816961.0000342,5592320.999999875,0.9227404068878968,0.7643172552742891,0.9237923390314366,0.9689980743572653,0.5832605866941477,715816961.0000262,5592321.000000303,0.9237923390314366,0.775570996917364,0.9228800396592002,0.9684277019375404,0.5912589599542571,715816961.000035,5592320.999999876,0.9228800396592002,0.7662436287865485,Leaf smut
leaf-smut-33.jpg,0.9283694515980331,0.9897503059587728,0.4488128101960984,715816961.0000337,5592320.99999996,0.9283694515980331,0.976169920567111,0.9150427655271843,0.969293496264601,0.5834297280333349,715816961.0000228,5592320.999999904,0.9150427655271843,0.8023442270865813,0.9155670473164942,0.9699710803426015,0.5743337025237926,715816961.0000163,5592321.000000167,0.9155670473164942,0.8133643094020389,0.9149447111022729,0.9692529112895518,0.5841800597546267,715816961.0000236,5592320.9999999,0.9149447111022729,0.8021799551523261,Leaf smut
leaf-smut-6.JPG,0.7930157958748938,0.9454301817963552,1.3674258924010796,715816961.0001409,5592320.999999858,0.7930157958748938,0.9519574987551993,0.7729301733813401,0.9187742337026322,1.5441005156078964,715816961.0000877,5592320.999999647,0.7729301733813401,0.8351197702145702,0.7762967024997822,0.9218685507091977,1.5203260883069638,715816961.0000696,5592321.000000667,0.7762967024997822,0.8539870845347775,0.7715695073990155,0.9173404473314115,1.552705580909134,715816961.0000817,5592320.999999689,0.7715695073990155,0.8249597561503631,Leaf smut
leaf-smut-12.jpg,0.7983500001961594,0.9487001151756966,1.2888215524161803,715816961.0001262,5592320.999999848,0.7983500001961594,0.9607731159401997,0.7808281089169756,0.925414755251968,1.4494312656017128,715816961.0000856,5592320.999999664,0.7808281089169756,0.8565474309265102,0.784664080337439,0.9287297479171887,1.42458214318847,715816961.0000703,5592321.000000752,0.784664080337439,0.8735615878757497,0.7804369163018483,0.9250312793792255,1.4520736048569496,715816961.0000826,5592320.9999996815,0.7804369163018483,0.8538918614267506,Leaf smut
leaf-smut-24.jpg,0.6796981565624961,0.9798651001214246,1.1322715420009097,715816960.9999946,5592321.000000091,0.6796981565624961,0.9811065132297042,0.6675063111768557,0.9499216983729923,1.317474474130124,715816961.0000014,5592320.9999999525,0.6675063111768557,0.944161675253631,0.6739717644745405,0.9613207976915858,1.2318067672298438,715816961.000011,5592321.000000052,0.6739717644745405,0.9599954027375904,0.667290804736285,0.9497161844659501,1.3191011069624596,715816961.0000021,5592320.999999945,0.667290804736285,0.9433939298026542,Leaf smut
leaf-smut-34.jpg,0.7683350143144351,0.9896977552047315,0.8247788172011126,715816961.0000238,5592320.999999964,0.7683350143144351,0.9891442019622315,0.7588128689088643,0.9713710859855252,0.9532108855136239,715816961.0000129,5592321.0000001,0.7588128689088643,0.9593375100782217,0.7605730307291555,0.9739536338914714,0.9304324171997863,715816961.0000185,5592320.999999924,0.7605730307291555,0.9635976344341853,0.7574369039338745,0.9699238556364509,0.965080180444057,715816961.0000046,5592321.000000049,0.7574369039338745,0.9527746942880371,Leaf smut
leaf-smut-30.jpg,0.9165458845689824,0.9930694015516355,0.3899516874277202,715816960.9999839,5592320.999999871,0.9165458845689824,0.981910274208915,0.9118628833341628,0.9856728875369851,0.4470984990873116,715816960.9999859,5592320.9999998985,0.9118628833341628,0.939580777898171,0.9129570136848282,0.9871268539777616,0.4322685438848443,715816960.9999864,5592320.99999992,0.9129570136848282,0.9485800550342315,0.9115941984723934,0.9853541718233577,0.44948481805501417,715816960.9999878,5592320.999999909,0.9115941984723934,0.9350993755209481,Leaf smut
leaf-smut-21.jpg,0.9632265220371254,0.9860259823202634,0.32148925612075624,715816961.0000569,5592320.999999923,0.9632265220371254,0.9326561100477845,0.9542791589185956,0.9783640256279197,0.38788269369309475,715816961.0000353,5592320.999999854,0.9542791589185956,0.6085092252085034,0.954712120643713,0.9785850399594059,0.3840036711461233,715816961.0000256,5592321.000000297,0.954712120643713,0.6140682119836236,0.9534716072109035,0.9778732337617376,0.39259872461945267,715816961.0000311,5592320.999999881,0.9534716072109035,0.5811950313251026,Leaf smut
leaf-smut-29.jpg,0.9533586138739296,0.9934533733937344,0.28479624615156784,715816961.0000076,5592320.999999991,0.9533586138739296,0.9647238482637486,0.9482064756899928,0.9852455336247424,0.3425060974059617,715816960.9999975,5592321.000000071,0.9482064756899928,0.8682313924233029,0.9492491945050772,0.9864700054468469,0.329687649585681,715816960.999996,5592320.999999884,0.9492491945050772,0.8875408109269012,0.9482140950540517,0.9851939748876076,0.3429497327419456,715816960.9999961,5592321.0000000745,0.9482140950540517,0.8666377464160767,Leaf smut
leaf-smut-10.JPG,0.9166506486275725,0.9807009110950743,0.5879862380063878,715816961.000068,5592320.999999904,0.9166506486275725,0.9724437239555439,0.9029424722844105,0.961297049943504,0.7264946121588791,715816961.0000312,5592320.999999909,0.9029424722844105,0.7653693258167763,0.903700713073922,0.9619848561988602,0.7195934290784469,715816961.0000218,5592321.000000253,0.903700713073922,0.7765908862447597,0.9029537114602595,0.9614532601270481,0.7259779802364993,715816961.0000323,5592320.999999909,0.9029537114602595,0.7661622376582569,Leaf smut
leaf-smut-19.JPG,0.8458831685954022,0.9536823894157621,1.1077299444284079,715816961.000125,5592320.999999819,0.8458831685954022,0.9458354810571818,0.8283637217742844,0.9327039216466869,1.2549709683659147,715816961.0000894,5592320.999999651,0.8283637217742844,0.8020812609668669,0.8314335472863195,0.9352397262908957,1.2346261265983116,715816961.0000674,5592321.000000688,0.8314335472863195,0.8229882153684807,0.8281722089626845,0.9323384577771145,1.2571048811542995,715816961.0000879,5592320.999999666,0.8281722089626845,0.7967722601146469,Leaf smut
leaf-smut-36.jpg,0.8490047411646895,0.997084382206262,0.4763858371007346,715816961.0,5592321.000000004,0.8490047411646895,0.9936344844862716,0.8430294675283233,0.9866773558820681,0.5334644612866821,715816960.9999996,5592321.000000001,0.8430294675283233,0.9658539220395228,0.8443657405419294,0.9885789866781087,0.5243767839096669,715816961.0000002,5592320.999999998,0.8443657405419294,0.9717065186174687,0.8431025666682819,0.9867562357556456,0.5330542643533601,715816961.0000005,5592320.999999997,0.8431025666682819,0.9663784935148719,Leaf smut
leaf-smut-32.jpg,0.9890825820361373,0.9968305794393687,0.0877703262871652,715816960.9999692,5592320.999999787,0.9890825820361373,0.9517680214623804,0.988503908830627,0.9962736081281148,0.094262136001636,715816960.9999683,5592321.00000016,0.988503908830627,0.8995541371989285,0.9888800004284255,0.9965213830657371,0.09088710446545632,715816960.9999692,5592320.999999759,0.9888800004284255,0.9213494901691073,0.9885784109859079,0.9963205169062749,0.09350788028715944,715816960.9999707,5592321.000000162,0.9885784109859079,0.9049101394991805,Leaf smut
leaf-smut-26.jpg,0.8168650302619184,0.9877217623064097,0.7170887307765091,715816960.9999969,5592321.000000085,0.8168650302619184,0.979931918796614,0.8093662550500903,0.9718456624177878,0.8211617465183723,715816960.9999928,5592321.000000028,0.8093662550500903,0.9414411646679401,0.8136628783032337,0.9791968417130735,0.7643015398616146,715816960.9999895,5592320.99999987,0.8136628783032337,0.9588447923299246,0.8093875295698981,0.9718804675316673,0.8213635138101545,715816960.9999934,5592321.000000038,0.8093875295698981,0.9415753377228083,Leaf smut
leaf-smut-2.JPG,0.8669111173137996,0.9649702706731694,0.9187518944508708,715816961.0001063,5592320.999999838,0.8669111173137996,0.9561298116308807,0.8520359813721736,0.9451307775748518,1.0592169601821848,715816961.0000595,5592320.999999784,0.8520359813721736,0.8228158155440476,0.8532112866973637,0.945871317254488,1.051294288725433,715816961.0000428,5592321.000000485,0.8532112866973637,0.8281124684683893,0.8497611194462216,0.9428255124942134,1.0740573138559268,715816961.0000466,5592320.999999837,0.8497611194462216,0.7939931767442641,Leaf smut
leaf-smut-31.jpg,0.8873979751014908,0.9875985630852874,0.5423069520549949,715816961.0000036,5592321.0000001015,0.8873979751014908,0.9751735943347026,0.8814578484409371,0.9785604987999914,0.6118623708650888,715816960.9999974,5592321.000000105,0.8814578484409371,0.9348363366064573,0.8834359522970022,0.9811150362902148,0.5889733887561486,715816960.9999965,5592321.000000029,0.8834359522970022,0.9490785965267772,0.8810446080453213,0.9781309923656419,0.6161533535758404,715816960.9999955,5592321.000000098,0.8810446080453213,0.9315480126563119,Leaf smut
leaf-smut-37.jpg,0.9459225359232328,0.9962842289256186,0.26274345935294735,715816961.0000155,5592320.999999965,0.9459225359232328,0.9825873084159158,0.9424921549039362,0.9902644612811009,0.308726625971609,715816961.0000094,5592320.999999953,0.9424921549039362,0.9334369694971487,0.9434573326160343,0.9914703959150599,0.29773729740021754,715816961.0000118,5592320.9999999255,0.9434573326160343,0.946076616787179,0.9425576489463806,0.9903301533808655,0.30809080973788894,715816961.0000097,5592320.999999951,0.9425576489463806,0.9349477563494455,Leaf smut
leaf-smut-3.JPG,0.833827785959125,0.9573553589122882,1.0837560439637777,715816961.0001153,5592320.999999848,0.833827785959125,0.9539658899897892,0.8202223500123081,0.9397885657602946,1.2073588875420667,715816961.000068,5592320.999999747,0.8202223500123081,0.8595467111614594,0.8223391551906278,0.941458804821468,1.1938406769233054,715816961.0000523,5592321.000000552,0.8223391551906278,0.8695243123548251,0.8173397915235644,0.9365779353363219,1.2285662394136545,715816961.0000526,5592320.999999802,0.8173397915235644,0.8308271070774071,Leaf smut
leaf-smut-16.JPG,0.8843152137405316,0.9669151433649887,0.8342168683723766,715816961.0001048,5592320.999999884,0.8843152137405316,0.9577950445694495,0.8703903610669077,0.9495716671293404,0.9609630023887287,715816961.0000607,5592320.999999785,0.8703903610669077,0.8047373347822147,0.8715730002314328,0.9503114949390519,0.9534162444436345,715816961.0000468,5592321.000000513,0.8715730002314328,0.8105308694065863,0.8687511748358995,0.9481200732407408,0.9716965141665247,715816961.0000534,5592320.999999796,0.8687511748358995,0.7833270508517101,Leaf smut
leaf-smut-18.jpg,0.8738577755452356,0.9652956073753038,0.8827191977893858,715816961.0001017,5592320.999999884,0.8738577755452356,0.9599189076829319,0.8598669221178556,0.9469673413857059,1.0144076644022033,715816961.0000569,5592320.999999797,0.8598669221178556,0.8189678928337556,0.860909786344234,0.9475812195490484,1.007144724207321,715816961.0000386,5592321.000000479,0.860909786344234,0.8217666275140246,0.8577619773344624,0.9448288814401681,1.0290176752374456,715816961.0000458,5592320.999999842,0.8577619773344624,0.7910516782808332,Leaf smut
leaf-smut-17.jpg,0.7936211086842895,0.9394392746198472,1.421697929832628,715816961.0001491,5592320.999999834,0.7936211086842895,0.9519518774666171,0.7717766741529305,0.9131690901337013,1.600252214355216,715816961.0001034,5592320.999999593,0.7717766741529305,0.8131518343089011,0.7772405145908671,0.91753434375137,1.568434748744497,715816961.0000808,5592321.000000811,0.7772405145908671,0.8392507944971527,0.7731545723769705,0.9143293631953892,1.592512243627777,715816961.000109,5592320.999999572,0.7731545723769705,0.8241537811166144,Leaf smut
leaf-smut-28.jpg,0.8494735864695245,0.9968310850172467,0.4788076660183833,715816961.0000005,5592321.0,0.8494735864695245,0.9928667762694072,0.8432906786785576,0.9860245307964065,0.5373352670468974,715816961.0000002,5592321.000000001,0.8432906786785576,0.9636668694428712,0.8447136541128386,0.9880675537466558,0.5276376051771711,715816961.0,5592321.000000002,0.8447136541128386,0.9700060059122468,0.8433450525905094,0.986086451055658,0.5369901900303452,715816961.0000002,5592321.000000002,0.8433450525905094,0.9640410390942014,Leaf smut
leaf-smut-14.JPG,0.8106472875216617,0.945813087667612,1.3002110062545131,715816961.0001389,5592320.999999846,0.8106472875216617,0.9472339536474552,0.7925878085766485,0.922057326894065,1.4588067197350783,715816961.0000905,5592320.999999636,0.7925878085766485,0.8234223288211668,0.7966764137108244,0.925420818141975,1.4332993079189669,715816961.0000756,5592321.000000751,0.7966764137108244,0.8450084019611316,0.7913502510101011,0.920875525714669,1.4658919437948807,715816961.0000836,5592320.999999668,0.7913502510101011,0.8148495314901544,Leaf smut
leaf-smut-9.JPG,0.9117845575681996,0.9812447006970039,0.6011661392757567,715816961.0000682,5592320.999999932,0.9117845575681996,0.9778311673310921,0.8971215750812721,0.9599522565419455,0.7523628562893563,715816961.0000287,5592320.999999911,0.8971215750812721,0.7761259085544414,0.8975266316599675,0.9603417892297234,0.7469874224681636,715816961.000019,5592321.000000233,0.8975266316599675,0.7820888187178645,0.8970257945089319,0.9599370822014048,0.752664131896272,715816961.0000298,5592320.999999913,0.8970257945089319,0.773707408202578,Leaf smut
leaf-smut-11.JPG,0.8036369540949386,0.9503330657683626,1.261149068601753,715816961.0001249,5592320.999999841,0.8036369540949386,0.9565408943975058,0.7865931221808632,0.9273053988998071,1.418227275709615,715816961.000082,5592320.999999678,0.7865931221808632,0.8532224654807262,0.7902557969560701,0.9308810016895971,1.3924173219391838,715816961.0000653,5592321.000000684,0.7902557969560701,0.8711629628244728,0.7855132206206299,0.9264620888256153,1.4248934621627543,715816961.0000783,5592320.999999689,0.7855132206206299,0.8461604664408898,Leaf smut
leaf-smut-27.jpg,0.792820243019376,0.9827804540442406,0.9013229182759532,715816961.00008,5592321.000000152,0.792820243019376,0.9778671155433214,0.7797201875252924,0.9595104564496844,1.0559825992541183,715816961.0000385,5592321.0000000615,0.7797201875252924,0.9266375213974363,0.7844554863708124,0.9660404597496928,1.014516192501732,715816961.000068,5592321.000000341,0.7844554863708124,0.9441387457233081,0.7803391212502555,0.9601557745727324,1.0519170746239421,715816961.0000466,5592321.000000065,0.7803391212502555,0.9300807126997704,Leaf smut
bacterial-leaf-blight-15.JPG,0.9178360296588267,0.9824996773179109,0.5187949968833205,715816961.000062,5592320.999999912,0.9178360296588267,0.9789653179757317,0.9084541074197952,0.9722618753853531,0.605824491306078,715816961.0000343,5592320.999999878,0.9084541074197952,0.8794475845981754,0.91012586037445,0.9732908197685557,0.5939713308631818,715816961.0000315,5592321.000000348,0.91012586037445,0.8918922450751372,0.9092755401303075,0.9729446622362918,0.5990730271846999,715816961.000037,5592320.999999853,0.9092755401303075,0.8912548093416737,Bacterial leaf blight
bacterial-leaf-blight-1.JPG,0.918776669469689,0.9839383894404615,0.5066675068250541,715816961.0000612,5592320.999999917,0.918776669469689,0.9810942899080527,0.9092138669287723,0.9737850134902715,0.5930994761522249,715816961.0000352,5592320.999999876,0.9092138669287723,0.8960624922947116,0.9094931111415582,0.9738579309245747,0.5909316005235316,715816961.000024,5592321.000000294,0.9094931111415582,0.8945587076759887,0.9076218170941337,0.9725278418791018,0.604132121270139,715816961.0000271,5592320.999999907,0.9076218170941337,0.8791664218692395,Bacterial leaf blight
bacterial-leaf-blight-22.JPG,0.8986354923270029,0.9827548035001237,0.5668629748666183,715816961.0000614,5592320.999999928,0.8986354923270029,0.9841545676796489,0.8890189215406598,0.9732492989209601,0.6484156139824916,715816961.0000347,5592320.999999867,0.8890189215406598,0.926748298985124,0.8899938652644416,0.9737826262090032,0.6397591855911262,715816961.000027,5592321.000000315,0.8899938652644416,0.9306405831564819,0.8889373330665319,0.9732115888974291,0.649167632666318,715816961.000035,5592320.999999873,0.8889373330665319,0.9246807538129613,Bacterial leaf blight
bacterial-leaf-blight-16.JPG,0.9133907267608103,0.9798107096287483,0.5812004564713005,715816961.0000731,5592320.999999944,0.9133907267608103,0.9791754925191715,0.900723120102309,0.9666439519393516,0.6897142212397173,715816961.0000417,5592320.9999998445,0.900723120102309,0.8453124046998722,0.9014135450789182,0.9669982850304457,0.6835983966437836,715816961.0000285,5592321.000000316,0.9014135450789182,0.849076721483762,0.9005570866798892,0.9664300337123141,0.6918131156576894,715816961.0000412,5592320.999999849,0.9005570866798892,0.8421024817389161,Bacterial leaf blight
bacterial-leaf-blight-17.JPG,0.8294590089373778,0.9743473594527512,0.8819494189669819,715816961.0000836,5592320.999999928,0.8294590089373778,0.9865192524615749,0.8155253097007336,0.9568622896689386,1.0209509815934381,715816961.0000458,5592320.999999836,0.8155253097007336,0.9183125840137207,0.8165263717466428,0.9575881907270356,1.011426879055433,715816961.0000371,5592321.000000422,0.8165263717466428,0.9221230767658721,0.8151996582413603,0.956555463908157,1.0229851225208846,715816961.0000427,5592320.999999838,0.8151996582413603,0.9170110613512963,Bacterial leaf blight
bacterial-leaf-blight-38.jpg,0.9258737055991554,0.9789089379560935,0.5561258148913059,715816961.0000732,5592320.999999895,0.9258737055991554,0.9507870017758053,0.9147764092944963,0.9666749984792148,0.6503620258732101,715816961.0000461,5592320.999999827,0.9147764092944963,0.7943728479560984,0.9161432095684495,0.9680799703174463,0.6363821050533444,715816961.0000374,5592321.000000383,0.9161432095684495,0.8188130971757063,0.9151054367768638,0.9670317042413317,0.6475795409419323,715816961.0000498,5592320.999999809,0.9151054367768638,0.8050232108976405,Bacterial leaf blight
bacterial-leaf-blight-35.JPG,0.7867400574807846,0.973276807178538,0.9920957212730979,715816961.0000929,5592320.999999917,0.7867400574807846,0.9897076331882688,0.7700231462478481,0.954211520015914,1.1480558859369774,715816961.0000405,5592320.99999986,0.7700231462478481,0.934186134644859,0.7721315957027091,0.956105309512242,1.1302957427899456,715816961.0000378,5592321.000000452,0.7721315957027091,0.9419532221747458,0.7719019223927919,0.9560231749625815,1.132973807368532,715816961.00005,5592320.999999819,0.7719019223927919,0.9430100814105863,Bacterial leaf blight
bacterial-leaf-blight-27.JPG,0.9136606955440174,0.9838856334962868,0.5262073281548829,715816961.0000597,5592320.999999899,0.9136606955440174,0.9834632323016066,0.9038890589026339,0.9721120049301164,0.6240106011812862,715816961.000031,5592320.999999892,0.9038890589026339,0.8801089589481519,0.9045151339546316,0.9725489869133483,0.61905831985153,715816961.0000213,5592321.000000249,0.9045151339546316,0.8825457109710534,0.9033811057616205,0.9717193402293973,0.6278801583236474,715816961.000027,5592320.999999904,0.9033811057616205,0.8742893021052777,Bacterial leaf blight
bacterial-leaf-blight-33.JPG,0.8976665917411198,0.9771884392276571,0.6555676359996273,715816961.0000786,5592320.999999914,0.8976665917411198,0.9731169189258518,0.8861191122834279,0.9646809490378145,0.7589061243075118,715816961.000043,5592320.99999986,0.8861191122834279,0.8704891170565557,0.8874532982976372,0.9657873764291035,0.7477904009672525,715816961.0000341,5592321.0000003725,0.8874532982976372,0.8835439129320299,0.8867882850009966,0.965116505012329,0.7548076631980112,715816961.0000452,5592320.999999831,0.8867882850009966,0.8782441108990897,Bacterial leaf blight
bacterial-leaf-blight-29.JPG,0.8979677709110717,0.9826903079523984,0.598075352613777,715816961.0000688,5592320.999999901,0.8979677709110717,0.987659756137924,0.8840057981031153,0.9677910136100382,0.7190780900177464,715816961.0000356,5592320.999999864,0.8840057981031153,0.8918297151903681,0.884881117822118,0.9683215044601854,0.7104678720582068,715816961.0000266,5592321.000000306,0.884881117822118,0.8973005031699568,0.8843589958674537,0.9681412892656122,0.7158266387288101,715816961.0000384,5592320.999999854,0.8843589958674537,0.8962176691903798,Bacterial leaf blight
bacterial-leaf-blight-8.JPG,0.8999020995625405,0.9790077951848813,0.624760886791323,715816961.0000725,5592320.999999898,0.8999020995625405,0.9790469322346271,0.8889498124463425,0.9665132522968369,0.7270650541999597,715816961.0000397,5592320.999999845,0.8889498124463425,0.8815495423124009,0.8903186078566444,0.967266630399955,0.7181264261756716,715816961.0000306,5592321.000000355,0.8903186078566444,0.8867711783599704,0.8887851708204775,0.9663066749180516,0.7285950354077931,715816961.0000398,5592320.99999985,0.8887851708204775,0.878650044274089,Bacterial leaf blight
bacterial-leaf-blight-3.JPG,0.9603071860170318,0.9912466094057035,0.27220864131993594,715816961.0000327,5592320.999999935,0.9603071860170318,0.9883852332330919,0.9529888925928612,0.9841379942280626,0.3340920688679397,715816961.0000172,5592320.999999934,0.9529888925928612,0.8635443539008046,0.9535313619864144,0.9844211148182638,0.32934866855418987,715816961.0000132,5592321.000000185,0.9535313619864144,0.8674745342097263,0.952989653452906,0.9841614202967219,0.3332350520196176,715816961.000018,5592320.999999938,0.952989653452906,0.8677888692041483,Bacterial leaf blight
bacterial-leaf-blight-4.jpg,0.9767625399563608,0.9922781178480159,0.17999968952507953,715816961.0000236,5592320.999999911,0.9767625399563608,0.961189994672399,0.9736748045144004,0.9897806273426054,0.20426531239985235,715816961.0000163,5592320.999999936,0.9736748045144004,0.8558413579625804,0.9745945857326134,0.9902044002180016,0.19879340014962632,715816961.0000131,5592321.00000018,0.9745945857326134,0.8635481371159875,0.9735401004367892,0.9896707042324715,0.20560810510729755,715816961.0000155,5592320.999999928,0.9735401004367892,0.8444540219207447,Bacterial leaf blight
bacterial-leaf-blight-26.JPG,0.8858528921662708,0.9772472226646565,0.6788458211882001,715816961.0000675,5592320.99999992,0.8858528921662708,0.9794552165359907,0.8753589700096918,0.9648215497935361,0.7782244670775333,715816961.0000385,5592320.9999998575,0.8753589700096918,0.8987768762604303,0.8767624155891087,0.9658013879672411,0.7681341110805671,715816961.0000328,5592321.000000398,0.8767624155891087,0.9037524390944575,0.8750257115845869,0.96453916382468,0.7814399604535993,715816961.0000373,5592320.999999857,0.8750257115845869,0.8942216395348923,Bacterial leaf blight
bacterial-leaf-blight-5.JPG,0.8076745032966516,0.9725259568286714,0.9579308542506446,715816961.000093,5592320.9999999385,0.8076745032966516,0.9891010599386076,0.7912715593331124,0.9534120757395318,1.11173169188958,715816961.0000474,5592320.999999823,0.7912715593331124,0.9258851521999184,0.7923742501315297,0.9540731695540134,1.103396000589315,715816961.0000368,5592321.000000436,0.7923742501315297,0.9272919628291987,0.7906105114408998,0.9527547754006781,1.116896963574794,715816961.0000445,5592320.999999845,0.7906105114408998,0.9223240102101605,Bacterial leaf blight
bacterial-leaf-blight-14.JPG,0.8277915498579566,0.9782045650081369,0.8290482221673215,715816961.0000755,5592320.999999907,0.8277915498579566,0.9909518481677729,0.8155860929542109,0.9618287897564628,0.9628159975902391,715816961.0000349,5592320.999999878,0.8155860929542109,0.929848870590558,0.8162483271596779,0.962274535914727,0.9567589835073333,715816961.0000271,5592321.00000033,0.8162483271596779,0.9305538913807196,0.8150126965223959,0.9612921804924259,0.967368647992534,715816961.0000325,5592320.999999898,0.8150126965223959,0.9259470947771408,Bacterial leaf blight
bacterial-leaf-blight-20.JPG,0.9033611211038721,0.9709620456303676,0.7024177360579973,715816961.0000879,5592320.9999998715,0.9033611211038721,0.9588187784663371,0.8902555782065569,0.9567199395552364,0.8114064742504316,715816961.0000526,5592320.999999807,0.8902555782065569,0.8091830433451713,0.8923114855446943,0.9577488351084181,0.7999495350392147,715816961.0000427,5592321.000000497,0.8923114855446943,0.8176043945584004,0.8896154353252782,0.956142038146183,0.8161784655733819,715816961.0000494,5592320.999999824,0.8896154353252782,0.798310045930917,Bacterial leaf blight
bacterial-leaf-blight-9.JPG,0.8919619817699553,0.9756940476567153,0.694679595661932,715816961.0000783,5592320.99999992,0.8919619817699553,0.9767977104646748,0.8796471482870777,0.9615169773571839,0.8064674616653784,715816961.0000479,5592320.999999822,0.8796471482870777,0.8708972232671465,0.8810058198456234,0.9624233681136968,0.7975909583331994,715816961.0000391,5592321.000000393,0.8810058198456234,0.8751103454623166,0.8790546227535557,0.9610103307919353,0.8110200098040014,715816961.0000448,5592320.99999983,0.8790546227535557,0.8636760592223648,Bacterial leaf blight
bacterial-leaf-blight-13.JPG,0.9402686742400277,0.9872796837893777,0.38094075021169016,715816961.0000447,5592320.999999906,0.9402686742400277,0.9810941522828173,0.9340605533341572,0.9804301946194351,0.44235578423369987,715816961.0000252,5592320.9999999,0.9340605533341572,0.8844602295128291,0.9352710853019165,0.9811337384911402,0.4335200504058803,715816961.0000198,5592321.000000235,0.9352710853019165,0.895201562243849,0.9345996498983664,0.9808266216467991,0.4380517051499812,715816961.0000285,5592320.99999989,0.9345996498983664,0.8949859626846901,Bacterial leaf blight
bacterial-leaf-blight-34.JPG,0.6645615868949417,0.9420933328363007,1.6907230903478558,715816961.000144,5592320.999999908,0.6645615868949417,0.9809799987073153,0.6408203831154409,0.9109368943066538,1.9128203007422981,715816961.0000861,5592320.999999663,0.6408203831154409,0.9089865925435607,0.6456410975223652,0.9154458615246424,1.8802881283224253,715816961.0000716,5592321.000000728,0.6456410975223652,0.9223867528080734,0.6435994347137377,0.9138281875286752,1.8927528536238456,715816961.0001013,5592320.999999597,0.6435994347137377,0.9205034763525874,Bacterial leaf blight
bacterial-leaf-blight-11.JPG,0.9544114680221453,0.9950475168672358,0.24341574234255392,715816961.0000199,5592320.999999945,0.9544114680221453,0.9935460297751053,0.9505740833945575,0.9899288039978389,0.29043986574581143,715816961.0000132,5592320.999999944,0.9505740833945575,0.9237284975059241,0.9508442534353811,0.9900740913033496,0.2878868017606481,715816961.0000067,5592321.000000095,0.9508442534353811,0.9251800944486872,0.9505481370398875,0.989877988320787,0.29093097789191535,715816961.0000137,5592320.999999938,0.9505481370398875,0.9227240213104334,Bacterial leaf blight
bacterial-leaf-blight-39.jpg,0.8560699890222528,0.9648397031112855,0.9235527057071319,715816961.0001036,5592320.999999831,0.8560699890222528,0.9587241099560684,0.8448139848311997,0.9517402802846922,1.0228807959447916,715816961.0000715,5592320.999999743,0.8448139848311997,0.8820464690406353,0.8465235023970601,0.9532490046625242,1.0097342902108852,715816961.0000533,5592321.0000005765,0.8465235023970601,0.8927699053942684,0.8431771823782804,0.9501767206683379,1.0351023631066822,715816961.0000613,5592320.999999781,0.8431771823782804,0.8656760796067257,Bacterial leaf blight
bacterial-leaf-blight-37.jpg,0.8281486578761301,0.9754954004092957,0.922928084792207,715816961.0000863,5592320.999999982,0.8281486578761301,0.9881130706701167,0.8086097513477545,0.9462897312247339,1.1296715648416844,715816961.0000423,5592320.999999846,0.8086097513477545,0.8803433347462684,0.8092848422315334,0.9470388259236883,1.1196610435453989,715816961.0000329,5592321.000000379,0.8092848422315334,0.8848062714500079,0.8086323973122553,0.9464249166878891,1.1291120541462356,715816961.0000422,5592320.999999854,0.8086323973122553,0.8816254388539907,Bacterial leaf blight
bacterial-leaf-blight-18.jpg,0.9664607262562316,0.9910488014800364,0.25225183789018496,715816961.0000331,5592320.99999994,0.9664607262562316,0.9785140362081987,0.9584250809700899,0.9838062895734329,0.31154279073998664,715816961.0000193,5592320.999999918,0.9584250809700899,0.8107594539822173,0.9592711825598639,0.9842170483527699,0.30533140585273977,715816961.0000173,5592321.000000199,0.9592711825598639,0.8156474694268399,0.9585584878194229,0.9838575205045595,0.3110558289897536,715816961.0000206,5592320.999999921,0.9585584878194229,0.8118631891721745,Bacterial leaf blight
bacterial-leaf-blight-30.JPG,0.8566247993991035,0.9588962885968599,0.9639292713698371,715816961.0000873,5592320.999999897,0.8566247993991035,0.9750375085748095,0.8357211413951224,0.9372079333105651,1.119969841563725,715816961.0000547,5592320.999999804,0.8357211413951224,0.8338167860083131,0.8393920615295841,0.9393975740269541,1.1014641988952636,715816961.0000403,5592321.000000506,0.8393920615295841,0.8419822272497485,0.8355443965737502,0.9371699767294871,1.1199630749528664,715816961.0000558,5592320.999999793,0.8355443965737502,0.8358177352582955,Bacterial leaf blight
bacterial-leaf-blight-32.JPG,0.8755207520941042,0.9770187412453576,0.713623315926891,715816961.0000743,5592320.99999989,0.8755207520941042,0.9841363888802643,0.8634539785759899,0.9626713465571329,0.8299976963663397,715816961.0000377,5592320.999999866,0.8634539785759899,0.8991679408500909,0.8648783302170558,0.9634068531363289,0.8213369563394874,715816961.0000296,5592321.000000392,0.8648783302170558,0.9021473571278882,0.8631201020378078,0.9622065182178543,0.8333909720393937,715816961.0000349,5592320.9999998845,0.8631201020378078,0.8950759962738399,Bacterial leaf blight
bacterial-leaf-blight-23.JPG,0.8866259259089211,0.9737489298072801,0.7203220228488157,715816961.0000815,5592320.999999889,0.8866259259089211,0.9715746103107932,0.8747145106991503,0.9610509913369727,0.8214627027948584,715816961.0000486,5592320.999999823,0.8747145106991503,0.8827693114069801,0.8768732789384758,0.962506843178736,0.8066010211676249,715816961.0000427,5592321.000000472,0.8768732789384758,0.8949794804750871,0.8750707167027995,0.961386294765981,0.8187597734883272,715816961.0000505,5592320.999999814,0.8750707167027995,0.8860976202810297,Bacterial leaf blight
bacterial-leaf-blight-25.JPG,0.9351288387938609,0.9865933787459382,0.40426917059187967,715816961.000043,5592320.999999911,0.9351288387938609,0.9852686109991762,0.9273285286387135,0.9784080005266486,0.4749745205311457,715816961.000022,5592320.999999917,0.9273285286387135,0.8947789851352123,0.9286316932053185,0.9791220101804406,0.46597197645324967,715816961.0000184,5592321.000000229,0.9286316932053185,0.9006012773787129,0.9276093749963653,0.9786055151587439,0.4730462967060959,715816961.000023,5592320.999999903,0.9276093749963653,0.8978936069832252,Bacterial leaf blight
bacterial-leaf-blight-40.JPG,0.8498656786775569,0.9703643597715357,0.8899624878080022,715816961.0000963,5592320.999999919,0.8498656786775569,0.9764842515948109,0.8354492838279943,0.9523074842406437,1.0263570435031657,715816961.0000552,5592320.999999791,0.8354492838279943,0.8860285404755067,0.8367654824811552,0.953415464498779,1.0129221516455906,715816961.0000447,5592321.00000048,0.8367654824811552,0.8946043342216272,0.8353302548168517,0.9522778574150718,1.0268427975831336,715816961.0000538,5592320.999999793,0.8353302548168517,0.8865494479499486,Bacterial leaf blight
bacterial-leaf-blight-10.JPG,0.950362748656934,0.9923089911542636,0.29897981416624897,715816961.0000317,5592320.999999965,0.950362748656934,0.9902166596461988,0.9447859025012909,0.9847229751342373,0.364410027601521,715816961.0000172,5592320.99999994,0.9447859025012909,0.8865014173501715,0.9449031812582585,0.9847839758378376,0.362516257782098,715816961.0000105,5592321.000000116,0.9449031812582585,0.8850890071798382,0.9444764225441594,0.9844546620210487,0.36729686187101346,715816961.0000148,5592320.999999949,0.9444764225441594,0.8797730697534699,Bacterial leaf blight
bacterial-leaf-blight-31.JPG,0.9276736159963251,0.9821642906927281,0.4863004498413415,715816961.0000561,5592320.999999894,0.9276736159963251,0.9733373994771939,0.9185892456557959,0.9718872460377912,0.5683594574183852,715816961.0000306,5592320.9999998715,0.9185892456557959,0.8576171131697693,0.9202651820988107,0.972880551997602,0.5567095354310568,715816961.0000255,5592321.000000296,0.9202651820988107,0.8696351281058061,0.9188369653628057,0.9720869259603845,0.5665557279700136,715816961.000032,5592320.99999986,0.9188369653628057,0.8614625030570554,Bacterial leaf blight
bacterial-leaf-blight-7.JPG,0.7169546469669049,0.930829343508788,1.7093632103232421,715816961.0001607,5592320.9999998985,0.7169546469669049,0.9614196671177476,0.6953680134229521,0.9055998876538975,1.8832964246135295,715816961.0001279,5592320.999999472,0.6953680134229521,0.8868541928917851,0.7002709245222892,0.9099428041915067,1.851778362855786,715816961.0000982,5592321.000000898,0.7002709245222892,0.9023872225915264,0.6942363482777199,0.904580979583561,1.8899510708643952,715816961.0001237,5592320.9999994915,0.6942363482777199,0.8830628845034647,Bacterial leaf blight
bacterial-leaf-blight-6.JPG,0.8477046730257548,0.9776091931308302,0.7533612049323335,715816961.0000684,5592320.999999896,0.8477046730257548,0.9849504085173816,0.8395374353880336,0.9689447735650125,0.8308149714103586,715816961.000043,5592320.999999831,0.8395374353880336,0.9482697805764819,0.8412815653373503,0.9701124836454298,0.8187029890588895,715816961.0000386,5592321.000000401,0.8412815653373503,0.9520524225200527,0.8390524769689353,0.9684186755872304,0.8351141739618778,715816961.00004,5592320.999999859,0.8390524769689353,0.9441855173041455,Bacterial leaf blight
bacterial-leaf-blight-24.JPG,0.8630951261781599,0.9678300214609515,0.8690251088778991,715816961.0000968,5592320.999999901,0.8630951261781599,0.9685748999979075,0.8500634241659165,0.9522911755417761,0.9878974408735834,715816961.000065,5592320.999999761,0.8500634241659165,0.8694365625251664,0.8527223804102396,0.9539887739247409,0.9708282228586063,715816961.0000527,5592321.000000556,0.8527223804102396,0.884258338833032,0.8507207895986816,0.9527016580322,0.9836062546680032,715816961.0000652,5592320.99999975,0.8507207895986816,0.8748295376455535,Bacterial leaf blight
bacterial-leaf-blight-12.JPG,0.8903430677218102,0.9820897061961498,0.5896069312818366,715816961.0000602,5592320.999999911,0.8903430677218102,0.9866700032071715,0.8822762948450401,0.9733386751235877,0.6665090457899598,715816961.0000329,5592320.999999878,0.8822762948450401,0.9361668545358601,0.8831235464725893,0.9736439337665079,0.6620165480624994,715816961.000025,5592321.000000311,0.8831235464725893,0.9354765435230469,0.8813603470951534,0.9724628378100242,0.6754794680802574,715816961.0000291,5592320.999999894,0.8813603470951534,0.9267691379961416,Bacterial leaf blight
bacterial-leaf-blight-2.jpg,0.910776479864446,0.984367438757514,0.5193491274281781,715816961.000058,5592320.999999888,0.910776479864446,0.9828695070738114,0.901520633060043,0.9745939936220518,0.6040310726824865,715816961.0000305,5592320.99999988,0.901520633060043,0.9116623539072329,0.9023495665030327,0.9751173313216553,0.5970140095796914,715816961.0000238,5592321.000000272,0.9023495665030327,0.9159659315591,0.9009020690374839,0.9742119231398582,0.6080930533975808,715816961.0000283,5592320.999999894,0.9009020690374839,0.9060356599133461,Bacterial leaf blight
bacterial-leaf-blight-28.JPG,0.8775605129032535,0.9742382444314354,0.7586009596384662,715816961.0000831,5592320.999999919,0.8775605129032535,0.9786807092075023,0.8628795824159068,0.9568616789254326,0.8935015164590647,715816961.00004,5592320.999999867,0.8628795824159068,0.8660309051881486,0.8644714781214473,0.9580871953644946,0.8817918268721174,715816961.000035,5592321.000000398,0.8644714781214473,0.8768662611939129,0.8633948024837187,0.9574276298093478,0.8893685929778417,715816961.0000424,5592320.999999864,0.8633948024837187,0.872960515109206,Bacterial leaf blight
bacterial-leaf-blight-19.JPG,0.943422954902843,0.9912436661121118,0.32537224385275043,715816961.0000347,5592320.999999925,0.943422954902843,0.9888522245104605,0.9381739601185087,0.9853605060803332,0.38015708780195934,715816961.0000198,5592320.999999911,0.9381739601185087,0.9156748245819218,0.9387871012202144,0.9856856410870901,0.37536640425912016,715816961.0000143,5592321.000000177,0.9387871012202144,0.9196593170905178,0.9382740127375931,0.9854429699971683,0.3793376072543771,715816961.00002,5592320.999999921,0.9382740127375931,0.9182196292700795,Bacterial leaf blight
bacterial-leaf-blight-21.JPG,0.9101147625781284,0.9818606200004333,0.5465763268752716,715816961.0000554,5592320.999999896,0.9101147625781284,0.9871645030585195,0.9003134228557783,0.970740704059151,0.6403545376768349,715816961.0000267,5592320.9999998845,0.9003134228557783,0.8966187174609961,0.9011800520714683,0.9710117975023606,0.6370383215282978,715816961.0000234,5592321.000000286,0.9011800520714683,0.8921716463647845,0.8992358983713019,0.9697602824135777,0.6491429059510428,715816961.0000237,5592320.999999926,0.8992358983713019,0.8808991971040658,Bacterial leaf blight
bacterial-leaf-blight-36.JPG,0.8067334204915585,0.963458382449591,1.0963522666967462,715816961.0001056,5592320.999999884,0.8067334204915585,0.9809477537745419,0.7876110353119713,0.9392751169996345,1.2753436161585314,715816961.0000578,5592320.999999783,0.7876110353119713,0.8898961907725652,0.7900074703672706,0.9412902240659478,1.256786260743954,715816961.0000486,5592321.000000522,0.7900074703672706,0.9009033584281577,0.7886523087872225,0.9403775830572181,1.2665250420046434,715816961.0000619,5592320.999999777,0.7886523087872225,0.8987071103217027,Bacterial leaf blight
